sample ,flux_source,position,flux_start,year,measurement_day,tag,t0,t1,t2,t3,file,directon,chamber,chamber_SA_cm2,soil_moisture,notes
MD1,m,mid,10:11:06,,05/16/2022,1,38.6,35.6,36.3,,f0005,N,med,83.32,,
MD1,m,low,10:14:46,,05/16/2022,2,31.4,31.4,30.9,,f0005,E,med,83.32,,
MD1,m,mid,10:18:00,,05/16/2022,3,33.3,33,34.2,,f0005,S,med,83.32,,
MD1,m,low,10:21:56,,05/16/2022,4,41.4,42.5,41.8,,f0005,W,med,83.32,,
MD1,m,top,10:05:40,,05/16/2022,5,38.6,39.2,37.6,,f0007,,med,83.32,,
MD1,s,0,10:11:06,,05/16/2022,6,43.5,44.1,44.1,,f0007,N,lg,183.85,,
MD1,s,1,10:14:06,,05/16/2022,7,42.9,43.6,43.2,,f0007,N,lg,183.85,,
MD1,s,2,10:17:17,,05/16/2022,8,43.9,45,45,,f0007,N,lg,183.85,,
MD2,m,mid,10:03:07,,05/16/2022,1,36,36.4,36.2,,f0009,N,med,83.32,,
MD2,m,low,10:06:30,,05/16/2022,2,35,34.5,35.5,,f0009,E,med,83.32,,
MD2,m,mid,10:09:45,,05/16/2022,3,35.2,34.7,34.3,,f0009,S,med,83.32,,
MD2,m,low,10:13:15,,05/16/2022,4,34.9,34.4,34.5,,f0009,W,med,83.32,,
MD2,m,top,10:16:45,,05/16/2022,5,36.3,36.8,36.8,,f0009,,med,83.32,,
MD2,s,0,10:20:40,,05/16/2022,6,39,37.7,37.3,,f0009,N,lg,183.85,,
MD2,s,1,10:24:20,,05/16/2022,7,34.8,34.8,34.9,,f0009,N,lg,183.85,,
MD2,s,2,10:28:40,,05/16/2022,8,35.6,35.8,35.7,,f0009,N,lg,183.85,,
MD3,m,mid,10:06:25,,05/16/2022,1,31.8,31.7,31.8,,f0010,N,med,83.32,,
MD3,m,low,10:09:30,,05/16/2022,2,29.8,29.5,29.7,,f0010,E,med,83.32,,
MD3,m,low,10:12:25,,05/16/2022,3,30,30.4,30.6,,f0010,S,med,83.32,,
MD3,m,mid,10:15:25,,05/16/2022,4,32.6,32.6,32.5,,f0010,W,med,83.32,,
MD3,s,0,10:19:10,,05/16/2022,5,32.4,30.1,29.8,,f0010,N,lg,183.85,,
MD3,s,1,10:22:50,,05/16/2022,6,30.4,30.8,31,,f0010,N,lg,183.85,,
MD3,s,2,10:25:55,,05/16/2022,7,29.9,30,30.2,,f0010,N,lg,183.85,,
MD4,m,mid,10:09:20,,05/16/2022,1,32.3,32.5,33.2,,f0011,N,med,83.32,,
MD4,m,low,10:12:40,,05/16/2022,2,30.1,30.1,29.9,,f0011,E,med,83.32,,
MD4,m,mid,10:15:50,,05/16/2022,3,30.1,30.4,30.8,,f0011,S,med,83.32,,
MD4,m,low,10:19:30,,05/16/2022,4,30.7,31,31.2,,f0011,W,med,83.32,,
MD4,m,top,10:24:15,,05/16/2022,5,30.9,31.1,31,,f0011,,med,83.32,,
MD4,s,0,10:28:10,,05/16/2022,6,29.4,28.4,28.4,,f0011,N,lg,183.85,,
MD4,s,1,10:31:40,,05/16/2022,7,27.7,27.3,28,,f0011,N,lg,183.85,,
MD4,s,2,10:35:40,,05/16/2022,8,28,27.9,27.9,,f0011,N,lg,183.85,,
MD5,m,mid,10:23:45,,05/17/2022,1,25,25.1,25.3,25.8,f0013,SE,mini,20.43,,"arboreal nest, mini chamber, extra tubing (4.5m), clay: d1 = 5.2, d2 = 4.5, h1 = 2.7, h2 = 2.5, tree DBH = 71cm"
MD6,m,mid,10:06:20,,05/17/2022,1,33,32.7,32.4,,f0014,N,med,83.32,,
MD6,m,low,10:09:45,,05/17/2022,2,31.6,31.3,31,30.8,f0014,E,med,83.32,,
MD6,m,mid,10:13:50,,05/17/2022,3,30,29.8,29.8,,f0014,S,med,83.32,,
MD6,m,low,10:16:55,,05/17/2022,4,29.5,29.5,29.7,,f0014,W,med,83.32,,
MD6,m,top,10:20:40,,05/17/2022,5,28.9,29.3,29.7,,f0014,,med,83.32,,
MD6,s,0,10:24:10,,05/17/2022,6,28.2,27.2,27.2,,f0014,N,lg,183.85,,
MD6,s,1,10:27:40,,05/17/2022,7,28.2,28.3,28.4,,f0014,N,lg,183.85,,
MD6,s,2,10:31:10,,05/17/2022,8,28,28.3,28.6,,f0014,N,lg,183.85,,
MD7,m,mid,10:06:35,,05/17/2022,1,27.1,27.3,27.8,,f0015,N,med,83.32,,
MD7,m,low,10:09:35,,05/17/2022,2,28.1,27.6,27.4,,f0015,E,med,83.32,,
MD7,m,mid,10:12:35,,05/17/2022,3,31.7,33.3,33.8,,f0015,S,med,83.32,,
MD7,m,low,10:15:35,,05/17/2022,4,28.3,28.2,28.6,,f0015,W,med,83.32,,
MD7,s,0,10:18:55,,05/17/2022,5,27,26.3,26.3,,f0015,N,lg,183.85,,
MD7,s,1,10:21:45,,05/17/2022,6,26.9,26.5,26.4,,f0015,N,lg,183.85,,
MD7,s,2,10:24:50,,05/17/2022,7,27.6,27.8,28.1,,f0015,N,lg,183.85,,
MD8,m,mid,10:07:30,,05/17/2022,1,37.4,37.1,36.9,,f0016,N,med,83.32,,Extender
MD8,m,low,10:10:40,,05/17/2022,2,34.7,34.2,34.5,,f0016,E,med,83.32,,Extender
MD8,m,mid,10:13:50,,05/17/2022,3,33.9,33.6,33,,f0016,S,med,83.32,,Extender
MD8,m,low,10:16:50,,05/17/2022,4,31.8,31.5,30.9,,f0016,W,med,83.32,,Extender
MD8,m,top,10:19:40,,05/17/2022,5,31.4,31.8,33,,f0016,,med,83.32,,Extender
MD8,s,0,10:23:15,,05/17/2022,6,36.6,38.2,38.2,,f0016,N,lg,183.85,,Extender
MD8,s,1,10:26:20,,05/17/2022,7,37.4,38.7,39,,f0016,N,lg,183.85,,Extender
MD8,s,2,10:29:10,,05/17/2022,8,39.5,40.9,40.7,,f0016,N,lg,183.85,,Extender
MD9,m,mid,10:08:10,,05/17/2022,1,33.2,32.5,32.6,,f0017,N,med,83.32,,Extender
MD9,m,low,10:11:15,,05/17/2022,2,31.9,32.8,33.2,,f0017,E,med,83.32,,Extender
MD9,m,mid,10:14:50,,05/17/2022,3,31.8,31.6,31.5,,f0017,S,med,83.32,,Extender
MD9,m,low,10:17:45,,05/17/2022,4,32.8,33.5,33.3,,f0017,W,med,83.32,,Extender
MD9,m,top,10:20:35,,05/17/2022,5,32.5,32.4,30.1,,f0017,,med,83.32,,Extender
MD9,s,0,10:07:10,,05/17/2022,6,33.3,33.3,33.5,,f0018,N,lg,183.85,,Extender
MD9,s,1,10:11:00,,05/17/2022,7,34.2,33.9,34,,f0018,N,lg,183.85,,Extender
MD9,s,2,10:13:55,,05/17/2022,8,32.7,32.8,33,,f0018,N,lg,183.85,,Extender
MD10,m,low,10:05:15,,05/17/2022,1,32,32.2,32.3,,f0019,N,med,83.32,,"colony overtaken by ants, ant sample taken"
MD10,m,mid,10:08:25,,05/17/2022,2,31.5,31.5,31.6,,f0019,E,med,83.32,,"colony overtaken by ants, ant sample taken"
MD10,m,low,10:11:25,,05/17/2022,3,31.1,31.2,31.3,,f0019,S,med,83.32,,"colony overtaken by ants, ant sample taken"
MD10,m,mid,10:14:40,,05/17/2022,4,31.9,32.2,32.3,,f0019,W,med,83.32,,"colony overtaken by ants, ant sample taken"
MD10,s,0,10:18:00,,05/17/2022,5,32.5,32.2,32.2,,f0019,N,lg,183.85,,"colony overtaken by ants, ant sample taken"
MD10,s,1,10:20:55,,05/17/2022,6,34.7,34.6,33.5,,f0019,N,lg,183.85,,"colony overtaken by ants, ant sample taken"
MD10,s,2,10:24:25,,05/17/2022,7,30.2,30.8,31.3,,f0019,N,lg,183.85,,"colony overtaken by ants, ant sample taken"
MD11,m,mid,10:07:35,,05/17/2022,1,31.8,30.8,30.7,,f0020,N,med,83.32,,Extender
MD11,m,low,10:10:30,,05/17/2022,2,29.6,29.7,30.8,,f0020,E,med,83.32,,Extender
MD11,m,mid,10:13:45,,05/17/2022,3,30.1,30,30.1,,f0020,S,med,83.32,,Extender
MD11,m,low,10:17:00,,05/17/2022,4,31.2,31.8,32.1,,f0020,W,med,83.32,,Extender
MD11,m,top,10:20:00,,05/17/2022,5,31.9,32.4,32.2,,f0020,,med,83.32,,Extender
MD11,s,0,10:23:45,,05/17/2022,6,30.9,30.5,30.5,,f0020,N,lg,183.85,,Extender
MD11,s,1,10:26:50,,05/17/2022,7,31.5,32.2,32.6,,f0020,N,lg,183.85,,Extender
MD11,s,2,10:30:00,,05/17/2022,8,31.7,33.1,32.3,,f0020,N,lg,183.85,,Extender
MD12,m,mid,10:07:55,,05/18/2022,1,25.7,24.3,24.2,,f0022,N,med,83.32,,Extender
MD12,m,low,10:10:45,,05/18/2022,2,24.3,24.3,24.6,,f0022,E,med,83.32,,Extender
MD12,m,mid,10:13:55,,05/18/2022,3,25,27.2,28.2,,f0022,S,med,83.32,,Extender
MD12,m,low,10:16:50,,05/18/2022,4,25.2,25.5,26,,f0022,W,med,83.32,,Extender
MD12,m,top,10:19:40,,05/18/2022,5,25.9,26.6,27.2,,f0022,,med,83.32,,Extender
MD12,s,0,10:23:00,,05/18/2022,6,28.9,26.9,26.9,,f0022,N,lg,183.85,,Extender
MD12,s,1,10:25:55,,05/18/2022,7,27.7,27.9,28,,f0022,N,lg,183.85,,Extender
MD12,s,2,10:29:00,,05/18/2022,8,26.2,26.1,26.5,,f0022,N,lg,183.85,,Extender
MD13,m,mid,10:07:55,,05/18/2022,1,28.9,27.9,28.1,,f0023,N,med,83.32,,
MD13,m,low,10:10:40,,05/18/2022,2,29.3,30.5,31.8,,f0023,E,med,83.32,,
MD13,m,mid,10:13:35,,05/18/2022,3,28.6,28.7,29.2,,f0023,S,med,83.32,,
MD13,m,low,10:16:45,,05/18/2022,4,29.8,29.8,30.2,,f0023,W,med,83.32,,
MD13,m,top,10:19:25,,05/18/2022,5,30.6,31.1,30.9,,f0023,,med,83.32,,
MD13,s,0,10:22:30,,05/18/2022,6,31.1,29.6,29.5,,f0023,N,lg,183.85,,
MD13,s,1,10:25:15,,05/18/2022,7,29.6,29.7,29.9,,f0023,N,lg,183.85,,
MD13,s,2,10:28:00,,05/18/2022,8,28.5,28.3,28.6,,f0023,N,lg,183.85,,
MD14,m,mid,10:09:10,,05/18/2022,1,33.5,34.3,34.1,,f0025,N,med,83.32,,"Extender, accidentally put a worker from mound 16 into this mound 14. both are suspected to be coptotermes"
MD14,m,low,10:12:30,,05/18/2022,2,33.1,29.9,29.8,,f0025,E,med,83.32,,"Extender, accidentally put a worker from mound 16 into this mound 14. both are suspected to be coptotermes"
MD14,m,mid,10:15:40,,05/18/2022,3,33.1,33.7,32.2,,f0025,S,med,83.32,,"Extender, accidentally put a worker from mound 16 into this mound 14. both are suspected to be coptotermes"
MD14,m,low,10:18:40,,05/18/2022,4,31.4,31.8,31.7,,f0025,W,med,83.32,,"Extender, accidentally put a worker from mound 16 into this mound 14. both are suspected to be coptotermes"
MD14,m,top,10:23:15,,05/18/2022,5,32.5,32.4,33,,f0025,,med,83.32,,"Extender, accidentally put a worker from mound 16 into this mound 14. both are suspected to be coptotermes"
MD14,s,0,10:26:40,,05/18/2022,6,41.3,42.5,42.7,,f0025,N,lg,183.85,,"Extender, accidentally put a worker from mound 16 into this mound 14. both are suspected to be coptotermes"
MD14,s,1,10:29:35,,05/18/2022,7,35.6,34.8,34.9,,f0025,N,lg,183.85,,"Extender, accidentally put a worker from mound 16 into this mound 14. both are suspected to be coptotermes"
MD14,s,2,10:32:35,,05/18/2022,8,33.5,33.4,33.7,,f0025,N,lg,183.85,,"Extender, accidentally put a worker from mound 16 into this mound 14. both are suspected to be coptotermes"
MD15,m,mid,10:08:10,,05/18/2022,1,38.3,39.5,39.8,,f0026,N,med,83.32,,
MD15,m,mid,10:10:55,,05/18/2022,2,36.7,35.9,35.8,,f0026,S,med,83.32,,
MD15,s,0,10:14:10,,05/18/2022,3,37.3,35.6,35.8,,f0026,N,lg,183.85,,
MD15,s,1,10:17:05,,05/18/2022,4,38.2,39.5,39.1,,f0026,N,lg,183.85,,
MD15,s,2,10:20:00,,05/18/2022,5,39.1,39.4,39,,f0026,N,lg,183.85,,
MD16,m,mid,10:09:45,,05/18/2022,1,35.9,37.8,37.5,,f0027,N,med,83.32,,Extender
MD16,m,low,10:12:45,,05/18/2022,2,34,33.9,34.7,,f0027,E,med,83.32,,Extender
MD16,m,mid,10:15:45,,05/18/2022,3,34.3,33.5,32.9,,f0027,S,med,83.32,,Extender
MD16,m,low,10:18:40,,05/18/2022,4,35.9,37.9,37.9,,f0027,W,med,83.32,,Extender
MD16,m,top,10:21:40,,05/18/2022,5,35.1,35.2,35.3,,f0027,,med,83.32,,Extender
MD16,s,0,10:25:10,,05/18/2022,6,37.4,36.7,36.9,,f0027,N,lg,183.85,,Extender
MD16,s,1,10:28:10,,05/18/2022,7,35.6,34.7,34.2,,f0027,N,lg,183.85,,Extender
MD16,s,2,10:31:00,,05/18/2022,8,38.2,41,40.9,,f0027,N,lg,183.85,,Extender
MD17,m,mid,10:10:40,,05/18/2022,1,34.5,35.6,35.7,,f0028,N,med,83.32,,
MD17,m,low,10:13:30,,05/18/2022,2,31.7,31.3,31,,f0028,E,med,83.32,,
MD17,m,mid,10:16:20,,05/18/2022,3,32.1,33.2,33.6,,f0028,S,med,83.32,,
MD17,m,low,10:19:40,,05/18/2022,4,32.7,33,33.2,,f0028,W,med,83.32,,
MD17,s,0,10:23:00,,05/18/2022,5,34.8,33.3,33,,f0028,N,lg,183.85,,
MD17,s,1,10:26:10,,05/18/2022,6,31.5,32.8,33.8,,f0028,N,lg,183.85,,
MD17,s,2,10:29:00,,05/18/2022,7,32.2,32.6,32.8,,f0028,N,lg,183.85,,
MD18,m,mid,10:06:55,,05/18/2022,1,30.2,29,28.8,,f0029,N,med,83.32,,
MD18,m,low,10:09:50,,05/18/2022,2,28.3,28.5,28.7,,f0029,E,med,83.32,,
MD18,m,mid,10:12:55,,05/18/2022,3,27.9,28.1,28.2,,f0029,S,med,83.32,,
MD18,m,low,10:15:50,,05/18/2022,4,27.9,27.9,29,,f0029,W,med,83.32,,
MD18,s,0,10:19:15,,05/18/2022,5,28.6,27.4,27.3,,f0029,N,lg,183.85,,
MD18,s,1,10:22:05,,05/18/2022,6,27.5,27.6,27.8,,f0029,N,lg,183.85,,
MD18,s,2,10:25:00,,05/18/2022,7,27.4,27.6,28,,f0029,N,lg,183.85,,
MD19,m,mid,10:11:20,,05/18/2022,1,31.8,31.8,31.8,,f0030,N,mini,20.43,,"arboreal nest, mini chamber, extra tubing (4.5m total), clay: d1 = 5.1. d2 = 5.6, h1 = 1.9, h2 = 1.7, tree DBH = "
MD20,m,mid,10:05:45,,05/19/2022,1,29.2,29.6,28.9,,f0033,N,mini,20.43,,"arboreal nest, mini chamber, extra tubing (4.5m total), clay: d1 = 4.7. d2 = 4.2, h1 = 1.9, h2 = 1.8, tree DBH = 33cm"
MD21,m,mid,10:07:15,,05/19/2022,1,28.9,27.8,27.5,,f0034,N,med,83.32,,
MD21,m,low,10:10:00,,05/19/2022,2,28.7,29,29.7,,f0034,S,med,83.32,,
MD21,m,mid,10:12:40,,05/19/2022,3,28,28.3,28.4,,f0034,W,med,83.32,,
MD21,s,0,10:16:00,,05/19/2022,4,30.8,29.2,29.2,,f0034,N,lg,183.85,,
MD21,s,1,10:18:40,,05/19/2022,5,28.3,28.9,28.9,,f0034,N,lg,183.85,,
MD21,s,2,10:21:30,,05/19/2022,6,28.3,28.9,29.2,,f0034,N,lg,183.85,,
MD22,m,mid,10:08:55,,05/19/2022,1,29.2,29.4,29.4,,f0035,E,med,83.32,,
MD22,m,low,10:11:50,,05/19/2022,2,28.2,27.9,27.9,,f0035,W,med,83.32,,
MD22,s,0,10:15:05,,05/19/2022,3,31,30.3,30.1,,f0035,N,lg,183.85,,
MD22,s,1,10:18:10,,05/19/2022,4,29.8,30.1,30.3,,f0035,N,lg,183.85,,
MD22,s,2,10:21:10,,05/19/2022,5,29.9,31,31.3,,f0035,N,lg,183.85,,
MD23,m,mid,10:07:30,,05/19/2022,1,33,32.3,32.1,,f0036,N,med,83.32,,
MD23,m,low,10:10:55,,05/19/2022,2,34.6,33.8,33.8,,f0036,E,med,83.32,,
MD23,m,mid,10:13:50,,05/19/2022,3,30.4,29.4,29.1,,f0036,S,med,83.32,,
MD23,m,low,10:16:40,,05/19/2022,4,29.4,29.6,29.6,,f0036,W,med,83.32,,
MD23,s,0,10:19:50,,05/19/2022,5,32.9,31.7,31.5,,f0036,N,lg,183.85,,
MD23,s,1,10:22:35,,05/19/2022,6,30.7,31.7,31.8,,f0036,N,lg,183.85,,
MD23,s,2,10:25:30,,05/19/2022,7,31.1,31.5,31.4,,f0036,N,lg,183.85,,
MD24,m,mid,10:09:30,,05/19/2022,1,36.6,34.6,34.1,,f0037,N,med,83.32,,
MD24,m,low,10:12:15,,05/19/2022,2,33.4,33.1,32.9,,f0037,E,med,83.32,,
MD24,m,mid,10:15:20,,05/19/2022,3,32.4,32.3,32,,f0037,S,med,83.32,,
MD24,m,low,10:18:00,,05/19/2022,4,32.1,32.1,31.8,,f0037,W,med,83.32,,
MD24,s,0,10:21:00,,05/19/2022,5,35.1,33.7,33.4,,f0037,N,lg,183.85,,
MD24,s,1,10:24:20,,05/19/2022,6,33.3,33.5,33.5,,f0037,N,lg,183.85,,
MD24,s,2,10:27:15,,05/19/2022,7,33.3,33.8,33.9,,f0037,N,lg,183.85,,
MD25,m,mid,10:08:00,,05/19/2022,1,34,35.6,36,,f0038,N,med,83.32,,Extender
MD25,m,low,10:11:00,,05/19/2022,2,32.6,33.9,34.5,,f0038,E,med,83.32,,Extender
MD25,m,mid,10:13:50,,05/19/2022,3,37.1,36.9,36.5,,f0038,S,med,83.32,,Extender
MD25,m,low,10:16:50,,05/19/2022,4,33.5,32.9,32.7,,f0038,W,med,83.32,,Extender
MD25,m,top,10:19:35,,05/19/2022,5,33.1,34.1,34.7,,f0038,,med,83.32,,Extender
MD25,s,0,10:22:40,,05/19/2022,6,38.9,40.3,40.6,,f0038,N,lg,183.85,,Extender
MD25,s,1,10:25:20,,05/19/2022,7,36.7,37.4,37.3,,f0038,N,lg,183.85,,Extender
MD25,s,2,10:28:20,,05/19/2022,8,36,36.8,36.7,,f0038,N,lg,183.85,,Extender
MD26,m,mid,10:08:40,,05/19/2022,1,35.5,35.9,36.5,,f0039,N,med,83.32,,Extender
MD26,m,low,10:11:40,,05/19/2022,2,32.4,31.9,32.6,,f0039,E,med,83.32,,Extender
MD26,m,mid,10:14:35,,05/19/2022,3,38.5,39.8,39,,f0039,S,med,83.32,,Extender
MD26,m,low,10:17:40,,05/19/2022,4,35.4,35.3,35,,f0039,W,med,83.32,,Extender
MD26,m,top,10:20:15,,05/19/2022,5,35.1,36,36.6,,f0039,,med,83.32,,Extender
MD26,s,0,10:23:05,,05/19/2022,6,37.4,38.1,37.8,,f0039,N,lg,183.85,,Extender
MD26,s,1,10:26:10,,05/19/2022,7,35,34.5,34.3,,f0039,N,lg,183.85,,Extender
MD26,s,2,10:29:00,,05/19/2022,8,33.9,33.9,33.9,,f0039,N,lg,183.85,,Extender
MD27,m,mid,10:08:40,,05/19/2022,1,33.2,32.3,32.2,,f0040,N,med,83.32,,Extender
MD27,m,low,10:11:35,,05/19/2022,2,29.9,29.7,29.7,,f0040,E,med,83.32,,Extender
MD27,m,mid,10:14:30,,05/19/2022,3,29.9,30.2,30.1,,f0040,S,med,83.32,,Extender
MD27,m,low,10:17:15,,05/19/2022,4,30.2,31.1,31.2,,f0040,W,med,83.32,,Extender
MD27,m,top,10:20:30,,05/19/2022,5,29.9,30.3,30.4,,f0040,,med,83.32,,Extender
MD27,s,0,10:23:55,,05/19/2022,6,30.2,28.2,28.1,,f0040,N,lg,183.85,,Extender
MD27,s,1,10:26:35,,05/19/2022,7,28.1,28.3,28.6,,f0040,N,lg,183.85,,Extender
MD27,s,2,10:29:20,,05/19/2022,8,27.9,28.2,28.3,,f0040,N,lg,183.85,,"Extender, soil measurement taken on dirt road "
MD28,m,mid,10:05:30,,05/20/2022,1,26.2,25.6,25.4,,f0042,N,med,83.32,,Extender
MD28,m,low,10:08:20,,05/20/2022,2,26.1,26.6,27.2,,f0042,E,med,83.32,,Extender
MD28,m,mid,10:11:05,,05/20/2022,3,26.3,27.3,27.7,,f0042,S,med,83.32,,Extender
MD28,m,low,10:13:50,,05/20/2022,4,27.2,26.9,26.8,,f0042,W,med,83.32,,"Extender, this part of the mound seemed dead (lots of roots and moss-like stuff present)"
MD28,m,top,10:16:45,,05/20/2022,5,27.6,27.7,27.9,,f0042,,med,83.32,,Extender
MD28,s,0,10:19:40,,05/20/2022,6,28.7,27.6,27.3,,f0042,N,lg,183.85,,Extender
MD28,s,1,10:22:30,,05/20/2022,7,27,27.1,27.2,,f0042,N,lg,183.85,,Extender
MD28,s,2,10:25:35,,05/20/2022,8,27.4,28.1,28.2,,f0042,N,lg,183.85,,Extender
MD29,m,mid,10:12:55,,05/20/2022,1,24.4,24.5,24.7,,f0043,N,med,83.32,,Extender
MD29,m,low,10:15:40,,05/20/2022,2,24.3,24.7,24.9,,f0043,E,med,83.32,,Extender
MD29,m,mid,10:18:20,,05/20/2022,3,24.6,24.7,24.6,,f0043,S,med,83.32,,Extender
MD29,m,low,10:21:30,,05/20/2022,4,24.4,24.7,24.7,,f0043,W,med,83.32,,"Extender, ants inhabiting this part of the mound"
MD29,m,top,10:24:10,,05/20/2022,5,24.7,25.4,25.8,,f0043,,med,83.32,,Extender
MD29,s,0,10:27:15,,05/20/2022,6,25,24.4,24.4,,f0043,N,lg,183.85,,Extender
MD29,s,1,10:30:00,,05/20/2022,7,24.3,24.9,24.9,,f0043,N,lg,183.85,,Extender
MD29,s,2,10:33:00,,05/20/2022,8,24.1,24.9,25.3,,f0043,N,lg,183.85,,Extender
MD30,m,mid,10:07:25,,05/20/2022,1,33.3,33.6,34.2,,f0044,N,med,83.32,,"Extender, cohabitated by nasutes and coptos (both soldiers found and sampled)"
MD30,m,low,10:10:15,,05/20/2022,2,33.2,34.9,35.4,,f0044,E,med,83.32,,"Extender, cohabitated by nasutes and coptos (both soldiers found and sampled)"
MD30,m,mid,10:13:00,,05/20/2022,3,32.2,31.7,31.5,,f0044,S,med,83.32,,"Extender, cohabitated by nasutes and coptos (both soldiers found and sampled)"
MD30,m,low,10:15:50,,05/20/2022,4,32.5,32.6,32.2,,f0044,W,med,83.32,,"Extender, cohabitated by nasutes and coptos (both soldiers found and sampled)"
MD30,m,top,10:19:00,,05/20/2022,5,33,32.4,32.4,,f0044,,med,83.32,,"Extender, cohabitated by nasutes and coptos (both soldiers found and sampled)"
MD30,s,0,10:22:00,,05/20/2022,6,35.9,36.2,36.1,,f0044,N,lg,183.85,,"Extender, cohabitated by nasutes and coptos (both soldiers found and sampled)"
MD30,s,1,10:24:50,,05/20/2022,7,35.5,36.6,36.3,,f0044,N,lg,183.85,,"Extender, cohabitated by nasutes and coptos (both soldiers found and sampled)"
MD30,s,2,10:27:40,,05/20/2022,8,32.4,33.9,34,,f0044,N,lg,183.85,,"Extender, cohabitated by nasutes and coptos (both soldiers found and sampled)"
MD31,m,mid,10:06:30,,05/20/2022,1,32.3,31.5,30.8,,f0045,N,med,83.32,,
MD31,m,low,10:09:10,,05/20/2022,2,30.1,29.6,29.7,,f0045,E,med,83.32,,
MD31,m,low,10:11:50,,05/20/2022,3,32.3,32.8,33.1,,f0045,S,med,83.32,,
MD31,s,0,10:15:10,,05/20/2022,4,36.7,35.9,36,,f0045,N,lg,183.85,,
MD31,s,1,10:18:40,,05/20/2022,5,37.3,37.7,37.3,,f0045,N,lg,183.85,,
MD31,s,2,10:21:30,,05/20/2022,6,37.8,38.2,38,,f0045,N,lg,183.85,,
MD32,m,mid,10:03:00,,05/20/2022,1,32.9,33.1,32.9,,f0046,N,med,83.32,,Extender
MD32,m,low,10:06:00,,05/20/2022,2,31,31.2,31.2,,f0046,E,med,83.32,,Extender
MD32,m,mid,10:08:50,,05/20/2022,3,31.2,32.2,32.3,,f0046,S,med,83.32,,Extender
MD32,m,low,10:11:45,,05/20/2022,4,30.4,30.2,29.8,,f0046,W,med,83.32,,Extender
MD32,m,top,10:14:40,,05/20/2022,5,30.3,30.8,30.6,,f0046,,med,83.32,,Extender
MD32,s,0,10:17:45,,05/20/2022,6,27.4,27.2,27.1,,f0046,N,lg,183.85,,Extender
MD32,s,1,10:20:30,,05/20/2022,7,27,27.3,27.3,,f0046,N,lg,183.85,,Extender
MD32,s,2,10:23:20,,05/20/2022,8,26.7,27.2,27.5,,f0046,N,lg,183.85,,Extender
MD33,m,mid,10:04:15,,05/20/2022,1,26.4,26.8,27.1,,f0047,N,med,83.32,,
MD33,m,low,10:07:00,,05/20/2022,2,26.1,26.6,27.1,,f0047,S,med,83.32,,
MD33,m,low,10:09:40,,05/20/2022,3,26.7,26.9,26.9,,f0047,W,med,83.32,,
MD33,s,0,10:12:30,,05/20/2022,4,27.3,27.4,27.8,,f0047,N,lg,183.85,,
MD33,s,1,10:15:05,,05/20/2022,5,26.5,27.3,27.5,,f0047,N,lg,183.85,,
MD33,s,2,10:18:10,,05/20/2022,6,26.8,27.8,28.2,,f0047,N,lg,183.85,,
MD34,m,mid,10:08:48,,05/20/2022,1,24.9,24.9,24.7,,f0048,N,mini,20.43,,"arboreal nest, mini chamber, extra tubing (4.5m total), clay: d1 = 4.5. d2 = 4.3, h1 = 1.8, h2 = 1.9, tree DBH = 64cm"
MD34,m,top,10:12:18,,05/20/2022,2,24.6,24.7,,,f0048,N,mini,20.43,,"arboreal nest, mini chamber, extra tubing (4.5m total), clay: d1 = 4.5. d2 = 4.3, h1 = 1.8, h2 = 1.9, tree DBH = 64cm"
MD35,m,mid,10:08:00,,05/23/2022,1,29.9,30,30.2,,f0050,N,med,83.32,,Extender
MD35,m,low,10:10:50,,05/23/2022,2,29.7,29.8,29.6,,f0050,E,med,83.32,,Extender
MD35,m,mid,10:15:20,,05/23/2022,3,28.7,28.6,28.4,,f0050,S,med,83.32,,Extender
MD35,m,low,10:18:55,,05/23/2022,4,29.2,29.5,29.6,,f0050,W,med,83.32,,Extender
MD35,m,top,10:21:55,,05/23/2022,5,29.3,29.4,29.7,,f0050,,med,83.32,,Extender
MD35,s,0,10:25:40,,05/23/2022,6,31.2,30.3,30.1,,f0050,N,lg,183.85,,Extender
MD35,s,1,10:28:30,,05/23/2022,7,33.5,34.6,34.2,,f0050,N,lg,183.85,,"Extender, onto road"
MD35,s,2,10:31:45,,05/23/2022,8,31.5,31.9,32.1,,f0050,N,lg,183.85,,"Extender, onto road"
MD36,m,low,10:04:20,,05/23/2022,1,38.1,39.6,39.7,,f0051,N,med,83.32,,
MD36,m,low,10:07:55,,05/23/2022,2,38.4,39.9,40.3,,f0051,E,med,83.32,,
MD36,m,mid,10:11:30,,05/23/2022,3,38.6,36.7,36.5,,f0051,S,med,83.32,,
MD36,s,0,10:14:40,,05/23/2022,4,41.4,42.2,42.3,,f0051,N,lg,183.85,,
MD36,s,1,10:18:10,,05/23/2022,5,46,46.3,46.4,,f0051,N,lg,183.85,,
MD36,s,2,10:21:00,,05/23/2022,6,44,44.3,43.7,,f0051,N,lg,183.85,,
MD37,m,mid,10:08:45,,05/23/2022,1,37.6,39,39.2,,f0052,N,med,83.32,,
MD37,m,low,10:11:50,,05/23/2022,2,35.8,37,35.6,,f0052,E,med,83.32,,
MD37,m,mid,10:14:50,,05/23/2022,3,36.7,39.5,40.2,,f0052,S,med,83.32,,
MD37,m,low,10:17:45,,05/23/2022,4,39.3,39.3,39.3,,f0052,W,med,83.32,,
MD37,s,0,10:21:00,,05/23/2022,5,43.3,43.2,43.7,,f0052,N,lg,183.85,,
MD37,s,1,10:24:25,,05/23/2022,6,42.1,42.1,41.3,,f0052,N,lg,183.85,,
MD37,s,2,10:28:00,,05/23/2022,7,41.1,41.5,41.5,,f0052,N,lg,183.85,,
MD38,m,mid,10:07:15,,05/23/2022,1,38.1,40.8,40.8,,f0053,N,med,83.32,,Extender
MD38,m,low,10:10:15,,05/23/2022,2,35.9,36.1,35.6,,f0053,E,med,83.32,,Extender
MD38,m,mid,10:13:10,,05/23/2022,3,38.5,36.9,35.9,,f0053,S,med,83.32,,Extender
MD38,m,low,10:16:15,,05/23/2022,4,35.2,36.8,36.9,,f0053,W,med,83.32,,Extender
MD38,m,top,10:19:35,,05/23/2022,5,34.7,36.2,35.5,,f0053,,med,83.32,,Extender
MD38,s,0,10:22:50,,05/23/2022,6,35.3,34.5,34.6,,f0053,N,lg,183.85,,Extender
MD38,s,1,10:25:40,,05/23/2022,7,36.9,36.8,37.5,,f0053,N,lg,183.85,,Extender
MD38,s,2,10:29:00,,05/23/2022,8,36.4,37.3,37,,f0053,N,lg,183.85,,Extender
MD39,m,mid,10:09:55,,05/23/2022,1,28.4,28.3,28.1,,f0054,N,med,83.32,,Extender
MD39,m,low,10:13:00,,05/23/2022,2,27.9,27.6,27.5,,f0054,E,med,83.32,,Extender
MD39,m,mid,10:16:40,,05/23/2022,3,28.1,27.1,26.9,,f0054,S,med,83.32,,Extender
MD39,m,low,10:20:05,,05/23/2022,4,26.9,26.8,26.8,,f0054,W,med,83.32,,Extender
MD39,m,top,10:23:40,,05/23/2022,5,27.4,26.2,26.2,,f0054,,med,83.32,,Extender
MD39,s,0,10:26:50,,05/23/2022,6,26.2,25.5,25.3,,f0054,N,lg,183.85,,Extender
MD39,s,1,10:31:15,,05/23/2022,7,27.4,25.4,25.4,,f0054,N,lg,183.85,,Extender
MD39,s,2,10:34:30,,05/23/2022,8,26.3,25.7,25.7,,f0054,N,lg,183.85,,Extender
MD40,m,mid,10:13:10,,05/24/2022,1,25,24.9,25.1,,f0056,N,sm,47.78,,"jumpy flux signal, lots of ants, hard to find termites"
MD40,m,low,10:16:15,,05/24/2022,2,27,26.3,26.1,,f0056,E,sm,47.78,,"lots of ants, hard to find termites"
MD40,m,mid,10:19:25,,05/24/2022,3,26.7,25.7,25.8,,f0056,S,sm,47.78,,"lots of ants, hard to find termites"
MD40,m,low,10:22:10,,05/24/2022,4,26,25.7,25.4,,f0056,W,sm,47.78,,"lots of ants, hard to find termites"
MD40,s,0,10:25:10,,05/24/2022,5,29.2,28.5,28.2,,f0056,N,lg,183.85,0,"lots of ants, hard to find termites"
MD40,s,1,10:28:45,,05/24/2022,6,29.6,28.5,28.6,,f0056,N,lg,183.85,0,"lots of ants, hard to find termites"
MD40,s,2,10:32:15,,05/24/2022,7,28.8,28,27.9,,f0056,N,lg,183.85,0,"lots of ants, hard to find termites"
MD41,m,mid,10:53:25,,05/24/2022,1,30,27.3,26.8,,f0056,N,sm,47.78,,found nasute soldiers and ami workers in ami like mound
MD41,m,low,10:56:20,,05/24/2022,2,30,28.7,28.9,,f0056,E,sm,47.78,,found nasute soldiers and ami workers in ami like mound
MD41,m,mid,10:59:30,,05/24/2022,3,29.4,29.7,30.1,,f0056,S,sm,47.78,,found nasute soldiers and ami workers in ami like mound
MD41,m,low,11:02:40,,05/24/2022,4,30.1,29.8,30.1,,f0056,W,sm,47.78,,found nasute soldiers and ami workers in ami like mound
MD41,s,0,11:05:55,,05/24/2022,5,33.4,33.3,33,,f0056,N,lg,183.85,0,found nasute soldiers and ami workers in ami like mound
MD41,s,1,11:09:10,,05/24/2022,6,34,34.8,35.4,,f0056,N,lg,183.85,0,found nasute soldiers and ami workers in ami like mound
MD41,s,2,11:12:50,,05/24/2022,7,35.7,36.7,36.1,,f0056,N,lg,183.85,0,found nasute soldiers and ami workers in ami like mound
MD42,m,mid,10:05:30,,05/24/2022,1,35.6,33.6,33.1,,f0057,N,sm,47.78,,found nasute soldiers and ami workers in ami like mound
MD42,m,low,10:08:25,,05/24/2022,2,35.9,35.6,35.6,,f0057,E,sm,47.78,,found nasute soldiers and ami workers in ami like mound
MD42,m,mid,10:11:10,,05/24/2022,3,35.4,33.7,34.6,,f0057,S,sm,47.78,,found nasute soldiers and ami workers in ami like mound
MD42,m,low,10:14:00,,05/24/2022,4,35.4,32.5,31.7,,f0057,W,sm,47.78,,found nasute soldiers and ami workers in ami like mound
MD42,s,0,10:17:00,,05/24/2022,5,36.3,35.7,35.4,,f0057,N,lg,183.85,0,found nasute soldiers and ami workers in ami like mound
MD42,s,1,10:20:20,,05/24/2022,6,34,33.8,33.5,,f0057,N,lg,183.85,0,found nasute soldiers and ami workers in ami like mound
MD42,s,2,10:24:00,,05/24/2022,7,34.4,33.4,32.7,,f0057,N,lg,183.85,0,found nasute soldiers and ami workers in ami like mound
MD43,m,mid,10:04:00,,05/24/2022,1,39,38.7,38.8,,f0058,N,med,83.32,,Extender
MD43,m,low,10:06:50,,05/24/2022,2,36.6,38.2,37.5,,f0058,E,med,83.32,,Extender
MD43,m,mid,10:09:45,,05/24/2022,3,36,37.2,36.9,,f0058,S,med,83.32,,Extender
MD43,m,low,10:12:40,,05/24/2022,4,35.9,36.3,36,,f0058,W,med,83.32,,Extender
MD43,m,top,10:15:30,,05/24/2022,5,35.7,36.5,36.6,,f0058,,med,83.32,,Extender
MD43,s,0,10:18:20,,05/24/2022,6,37.4,36.6,36.4,,f0058,N,lg,183.85,0,Extender
MD43,s,1,10:21:40,,05/24/2022,7,34.6,34.5,34.5,,f0058,N,lg,183.85,0,Extender
MD43,s,2,10:24:50,,05/24/2022,8,34,34.3,34,,f0058,N,lg,183.85,0,Extender
MD44,m,mid,10:05:00,,05/24/2022,1,32.9,32.5,32.2,,f0059,N,sm,47.78,,
MD44,m,low,10:10:00,,05/24/2022,2,32.2,30.6,30.3,,f0059,E,sm,47.78,,
MD44,m,mid,10:12:50,,05/24/2022,3,31.5,30.8,30.8,,f0059,S,sm,47.78,,
MD44,m,low,10:16:25,,05/24/2022,4,27,27.8,27.9,,f0059,W,sm,47.78,,
MD44,s,0,10:19:20,,05/24/2022,5,34.4,34.3,34.1,,f0059,N,lg,183.85,0,
MD44,s,1,10:22:55,,05/24/2022,6,36.2,36,35.5,,f0059,N,lg,183.85,0,
MD44,s,2,10:26:35,,05/24/2022,7,34.5,41.6,41.8,,f0059,N,lg,183.85,0,
MD45,m,mid,10:04:30,,05/24/2022,1,38,36.8,36.9,,f0060,N,sm,47.78,,
MD45,m,mid,10:08:20,,05/24/2022,2,36.5,37.1,37.4,,f0060,E,sm,47.78,,
MD45,m,low,10:11:35,,05/24/2022,3,36,34.6,33.7,,f0060,S,sm,47.78,,
MD45,m,low,10:13:55,,05/24/2022,4,36.3,35.4,36,,f0060,W,sm,47.78,,
MD45,s,0,10:17:30,,05/24/2022,5,44.8,48.1,48.1,,f0060,N,lg,183.85,0,
MD45,s,1,10:20:35,,05/24/2022,6,43.7,45.4,44.4,,f0060,N,lg,183.85,0,
MD45,s,2,10:24:05,,05/24/2022,7,42.8,44.3,44.1,,f0060,N,lg,183.85,0,
MD46,m,mid,10:06:30,,05/24/2022,1,34.7,36.1,36.5,,f0061,N,med,83.32,,
MD46,m,low,10:09:20,,05/24/2022,2,34.3,34.9,34.7,,f0061,E,med,83.32,,
MD46,m,mid,10:12:25,,05/24/2022,3,35.5,33.9,33.9,,f0061,S,med,83.32,,
MD46,m,low,10:16:10,,05/24/2022,4,36.7,35.8,35.7,,f0061,W,med,83.32,,
MD46,s,0,10:20:15,,05/24/2022,5,39.5,40.5,40.5,,f0061,N,lg,183.85,0,
MD46,s,1,10:23:05,,05/24/2022,6,39.5,41.4,41.4,,f0061,N,lg,183.85,0,
MD46,s,2,10:26:10,,05/24/2022,7,39.4,39.1,39,,f0061,N,lg,183.85,0,
MD47,m,mid,10:06:00,,05/24/2022,1,32.1,31.5,31.5,,f0062,N,med,83.32,,
MD47,m,low,10:09:30,,05/24/2022,2,32,31.2,30.9,,f0062,E,med,83.32,,
MD47,m,mid,10:12:25,,05/24/2022,3,31.4,31,30.8,,f0062,S,med,83.32,,
MD47,m,low,10:15:20,,05/24/2022,4,31,31,30.9,,f0062,W,med,83.32,,
MD47,s,0,10:18:20,,05/24/2022,5,32.5,31.4,31.4,,f0062,N,lg,183.85,0,
MD47,s,1,10:21:20,,05/24/2022,6,31.5,31.2,31.1,,f0062,N,lg,183.85,0,
MD47,s,2,10:24:45,,05/24/2022,7,30.5,31.2,31.1,,f0062,N,lg,183.85,0,
MD48,m,mid,10:06:40,,05/25/2022,1,22.2,22,22.1,,f0063,N,med,83.32,,Extender
MD48,m,low,10:10:10,,05/25/2022,2,24.4,23.9,24.1,,f0063,E,med,83.32,,Extender
MD48,m,mid,10:13:25,,05/25/2022,3,23.8,23.5,23.1,,f0063,S,med,83.32,,Extender
MD48,m,low,10:16:25,,05/25/2022,4,24.2,24.2,24.3,,f0063,W,med,83.32,,Extender
MD48,m,top,10:19:30,,05/25/2022,5,24.6,25.6,25.7,,f0063,,med,83.32,,Extender
MD48,s,0,10:22:55,,05/25/2022,6,26,25.4,25.6,,f0063,N,lg,183.85,6,Extender
MD48,s,1,10:26:30,,05/25/2022,7,28.5,26.7,26.5,,f0063,N,lg,183.85,7.5,Extender
MD48,s,2,10:29:20,,05/25/2022,8,26.9,26.7,26.5,,f0063,N,lg,183.85,2.8,Extender
MD49,m,mid,10:05:20,,05/25/2022,1,34.9,36.1,35.8,,f0066,N,med,83.32,,Extender
MD49,m,low,10:08:30,,05/25/2022,2,32.6,32.4,32.2,,f0066,E,med,83.32,,Extender
MD49,m,mid,10:13:25,,05/25/2022,3,30.8,30.5,30.2,,f0066,S,med,83.32,,Extender
MD49,m,low,10:16:20,,05/25/2022,4,31.5,30.9,30.6,,f0066,W,med,83.32,,Extender
MD49,m,top,10:19:15,,05/25/2022,5,31.3,30.3,30.1,,f0066,,med,83.32,,"Extender, new mound material"
MD49,s,0,10:22:20,,05/25/2022,6,32.6,32.6,32.3,,f0066,N,lg,183.85,8.8,Extender
MD49,s,1,10:25:20,,05/25/2022,7,32.5,32.5,32.5,,f0066,N,lg,183.85,4.9,Extender
MD49,s,2,10:29:00,,05/25/2022,8,34.6,32.6,32.2,,f0066,N,lg,183.85,7.3,Extender
MD50,m,mid,10:04:45,,05/25/2022,1,43.7,46.1,46.3,,f0067,N,med,83.32,,Extender
MD50,m,low,10:07:40,,05/25/2022,2,39.8,38.8,38.3,,f0067,E,med,83.32,,Extender
MD50,m,low,10:11:00,,05/25/2022,3,37,36.4,36,,f0067,S,med,83.32,,Extender
MD50,m,mid,10:14:00,,05/25/2022,4,35.9,33.4,33.5,,f0067,W,med,83.32,,Extender
MD50,m,top,10:17:20,,05/25/2022,5,33.7,34.6,34.1,,f0067,,med,83.32,,Extender
MD50,s,0,10:20:45,,05/25/2022,6,33.8,36.2,36.4,,f0067,N,lg,183.85,,Extender
MD50,s,1,10:23:55,,05/25/2022,7,37,36.3,36.2,,f0067,N,lg,183.85,,Extender
MD50,s,2,10:26:45,,05/25/2022,8,36.6,36.1,36.1,,f0067,N,lg,183.85,,Extender
MD51,m,mid,10:06:00,,05/25/2022,1,37.2,37.2,37.1,,f0068,N,med,83.32,,Extender
MD51,m,low,10:09:00,,05/25/2022,2,37.4,34.4,34.5,,f0068,E,med,83.32,,Extender
MD51,m,mid,10:12:15,,05/25/2022,3,34.8,35.1,34.2,,f0068,S,med,83.32,,Extender
MD51,m,low,10:15:40,,05/25/2022,4,35.5,33.8,33.2,,f0068,W,med,83.32,,Extender
MD51,m,top,10:19:20,,05/25/2022,5,35.2,35.1,35.4,,f0068,,med,83.32,,Extender
MD51,s,0,10:22:25,,05/25/2022,6,36.3,36.2,35.9,,f0068,N,lg,183.85,9.3,Extender
MD51,s,1,10:25:40,,05/25/2022,7,36.8,36.9,36.8,,f0068,N,lg,183.85,1.3,Extender
MD51,s,2,10:28:25,,05/25/2022,8,37.4,39.5,39.1,,f0068,N,lg,183.85,3.3,Extender
MD52,m,mid,10:05:20,,05/25/2022,1,43.7,45,45.4,,f0069,N,med,83.32,,Extender
MD52,m,low,10:08:20,,05/25/2022,2,41.9,43.7,43.4,,f0069,E,med,83.32,,Extender
MD52,m,mid,10:11:25,,05/25/2022,3,39.3,41,40.9,,f0069,S,med,83.32,,Extender
MD52,m,low,10:15:10,,05/25/2022,4,37.7,36.5,35.6,,f0069,W,med,83.32,,Extender
MD52,m,top,10:18:20,,05/25/2022,5,33.8,36.5,36.5,,f0069,,med,83.32,,Extender
MD52,s,0,10:21:20,,05/25/2022,6,42.3,44.4,44.1,,f0069,N,lg,183.85,11.2,Extender
MD52,s,1,10:24:15,,05/25/2022,7,38.6,41.5,41.2,,f0069,N,lg,183.85,22.5,Extender
MD52,s,2,10:27:05,,05/25/2022,8,37.2,41.9,41.6,,f0069,N,lg,183.85,24.6,Extender
MD53,m,mid,10:06:00,,05/25/2022,1,37,39.3,41.3,,f0070,N,med,83.32,,Extender
MD53,m,low,10:09:10,,05/25/2022,2,39.2,39.2,39.3,,f0070,E,med,83.32,,Extender
MD53,m,mid,10:12:00,,05/25/2022,3,39.6,35.4,34.1,,f0070,S,med,83.32,,Extender
MD53,m,low,10:15:10,,05/25/2022,4,30.4,33.4,35,,f0070,W,med,83.32,,Extender
MD53,m,top,10:18:10,,05/25/2022,5,35.2,35.4,35.4,,f0070,,med,83.32,,Extender
MD53,s,0,10:21:20,,05/25/2022,6,35.4,33.6,33.6,,f0070,N,lg,183.85,,"Extender, forgot soil moisture"
MD53,s,1,10:24:15,,05/25/2022,7,36.6,36.6,36.6,,f0070,N,lg,183.85,,"Extender, forgot soil moisture"
MD53,s,2,10:27:55,,05/25/2022,8,32.3,32.7,32.7,,f0070,N,lg,183.85,,"Extender, forgot soil moisture"
MD54,m,mid,10:06:00,,05/25/2022,1,33.9,31.1,31.2,,f0071,N,sm,47.78,,
MD54,m,low,10:09:00,,05/25/2022,2,34.7,34.6,34.7,,f0071,E,sm,47.78,,
MD54,m,mid,10:12:20,,05/25/2022,3,33,33,33,,f0071,S,sm,47.78,,
MD54,m,low,10:16:45,,05/25/2022,4,34.3,34.3,34.3,,f0071,W,sm,47.78,,
MD54,s,0,10:19:30,,05/25/2022,5,34.3,31.7,31.7,,f0071,N,lg,183.85,0,
MD54,s,1,10:22:30,,05/25/2022,6,30.8,28.2,28.3,,f0071,N,lg,183.85,0,
MD54,s,2,10:25:35,,05/25/2022,7,29.1,28.5,28.7,,f0071,N,lg,183.85,3.8,
MD55,m,mid,10:12:00,,05/26/2022,1,25.1,23.8,23.8,,f0073,N,med,83.32,,Extender
MD55,m,low,10:15:25,,05/26/2022,2,22.4,22.4,22.4,,f0073,E,med,83.32,,Extender
MD55,m,mid,10:17:45,,05/26/2022,3,24.7,23.7,23.4,,f0073,S,med,83.32,,Extender
MD55,m,low,10:21:45,,05/26/2022,4,22.4,22.4,23.1,,f0073,W,med,83.32,,Extender
MD55,m,top,10:24:50,,05/26/2022,5,23.1,23.6,21.4,,f0073,,med,83.32,,Extender
MD55,s,0,10:28:15,,05/26/2022,6,24.3,26.6,26,,f0073,N,lg,183.85,3.1,Extender
MD55,s,1,10:31:15,,05/26/2022,7,27.6,26.5,26.5,,f0073,N,lg,183.85,2.3,Extender
MD55,s,2,10:34:15,,05/26/2022,8,28.5,26.8,26.8,,f0073,N,lg,183.85,1.3,Extender
MD56,m,mid,10:04:00,,05/26/2022,1,37,36,35.3,,f0074,N,med,83.32,,Extender
MD56,m,low,10:07:10,,05/26/2022,2,35.2,35.2,35.3,,f0074,E,med,83.32,,Extender
MD56,m,mid,10:10:20,,05/26/2022,3,35.3,33.7,33.6,,f0074,S,med,83.32,,Extender
MD56,m,low,10:13:20,,05/26/2022,4,32.7,32.7,34.4,,f0074,W,med,83.32,,Extender
MD56,m,top,10:16:50,,05/26/2022,5,34.5,34.9,32.4,,f0074,,med,83.32,,Extender
MD56,s,0,10:19:50,,05/26/2022,6,40.2,39.8,39,,f0074,N,lg,183.85,0,Extender
MD56,s,1,10:22:50,,05/26/2022,7,36,35.8,35.8,,f0074,N,lg,183.85,0,Extender
MD56,s,2,10:25:40,,05/26/2022,8,31.4,37.6,37,,f0074,N,lg,183.85,0,Extender
MD57,m,mid,10:42:10,,05/26/2022,1,42,41.5,41.5,,f0074,N,sm,47.78,,
MD57,m,low,10:45:25,,05/26/2022,2,38,37.4,37.2,,f0074,E,sm,47.78,,
MD57,m,mid,10:48:15,,05/26/2022,3,37,34.2,34,,f0074,S,sm,47.78,,
MD57,m,low,10:51:15,,05/26/2022,4,33.8,36.4,36.7,,f0074,W,sm,47.78,,
MD57,m,top,10:54:30,,05/26/2022,5,38.5,36.7,35.8,,f0074,,sm,47.78,,
MD57,s,0,10:57:30,,05/26/2022,6,41.1,41.1,39.9,,f0074,N,lg,183.85,0,
MD57,s,1,11:01:15,,05/26/2022,7,34,34,34,,f0074,N,lg,183.85,0,
MD57,s,2,11:04:10,,05/26/2022,8,40.1,42.9,42.4,,f0074,N,lg,183.85,0,
MD58,m,mid,10:06:20,,05/26/2022,1,34.7,44.2,45.8,,f0075,N,med,83.32,,Extender
MD58,m,low,10:09:10,,05/26/2022,2,44.5,42.8,41.4,,f0075,E,med,83.32,,Extender
MD58,m,mid,10:12:10,,05/26/2022,3,38.2,39.5,38.8,,f0075,S,med,83.32,,Extender
MD58,m,low,10:15:20,,05/26/2022,4,37.9,37.9,39,,f0075,W,med,83.32,,Extender
MD58,m,top,10:18:20,,05/26/2022,5,37.3,37.3,39.3,,f0075,,med,83.32,,Extender
MD58,s,0,10:20:10,,05/26/2022,6,43.7,43.7,45.4,,f0075,N,lg,183.85,0,Extender
MD58,s,1,10:24:05,,05/26/2022,7,43,44.6,44.2,,f0075,N,lg,183.85,0,Extender
MD58,s,2,10:27:00,,05/26/2022,8,43.7,46.4,46.4,,f0075,N,lg,183.85,0,Extender
MD59,m,mid,10:06:00,,05/26/2022,1,42.7,43.1,43.5,,f0076,N,med,83.32,,Extender
MD59,m,low,10:08:50,,05/26/2022,2,41.7,43.4,43.6,,f0076,E,med,83.32,,Extender
MD59,m,mid,10:11:40,,05/26/2022,3,40.1,43.6,44.4,,f0076,S,med,83.32,,Extender
MD59,m,low,10:14:35,,05/26/2022,4,41,41,39.5,,f0076,W,med,83.32,,Extender
MD59,m,top,10:17:30,,05/26/2022,5,39,40,40,,f0076,,med,83.32,,Extender
MD59,s,0,10:20:05,,05/26/2022,6,43.9,43.9,44.7,,f0076,N,lg,183.85,1.6,Extender
MD59,s,1,10:23:30,,05/26/2022,7,41.5,44.3,43.7,,f0076,N,lg,183.85,0,Extender
MD59,s,2,10:26:30,,05/26/2022,8,41.4,44.5,43,,f0076,N,lg,183.85,0,Extender
MD60,m,mid,10:06:00,,05/26/2022,1,35.8,36.6,36.6,,f0077,N,med,83.32,,Extender
MD60,m,low,10:09:00,,05/26/2022,2,36.6,35.1,34.5,,f0077,E,med,83.32,,Extender
MD60,m,mid,10:11:50,,05/26/2022,3,35.3,33.4,33,,f0077,S,med,83.32,,Extender
MD60,m,low,10:14:55,,05/26/2022,4,33,32.9,32.7,,f0077,W,med,83.32,,Extender
MD60,m,top,10:17:55,,05/26/2022,5,32.3,32.2,31.8,,f0077,,med,83.32,,Extender
MD60,s,0,10:21:00,,05/26/2022,6,32.3,32.4,33.2,,f0077,N,lg,183.85,10.5,Extender
MD60,s,1,10:24:00,,05/26/2022,7,32.9,31.3,31,,f0077,N,lg,183.85,0.6,Extender
MD60,s,2,10:27:10,,05/26/2022,8,32,28.9,28.9,,f0077,N,lg,183.85,3,Extender
MD61,m,mid,10:05:40,,05/26/2022,1,33.1,34.5,35.1,,f0078,N,med,83.32,,Extender
MD61,m,low,10:09:00,,05/26/2022,2,31.7,31.1,30.3,,f0078,E,med,83.32,,Extender
MD61,m,mid,10:12:45,,05/26/2022,3,29.6,28.2,27.4,,f0078,S,med,83.32,,Extender
MD61,m,low,10:16:40,,05/26/2022,4,30.9,30.2,30,,f0078,W,med,83.32,,Extender
MD61,m,top,10:19:30,,05/26/2022,5,27.6,33.4,33.4,,f0078,,med,83.32,,Extender
MD61,s,0,10:22:50,,05/26/2022,6,31.7,31.7,32.1,,f0078,N,lg,183.85,8.6,Extender
MD61,s,1,10:25:45,,05/26/2022,7,32.3,31.3,31.4,,f0078,N,lg,183.85,8.7,Extender
MD61,s,2,10:28:35,,05/26/2022,8,32.8,35.9,35.8,,f0078,N,lg,183.85,0,"Extender, soil measurement on road"
MD62,m,mid,10:09:00,,05/27/2022,1,20.2,20,20,,f0080,N,med,83.32,,Extender
MD62,m,low,10:11:55,,05/27/2022,2,21.2,20.8,20.7,,f0080,E,med,83.32,,"Extender, mound looks dead"
MD62,m,mid,10:14:55,,05/27/2022,3,20.2,20.7,20.6,,f0080,S,med,83.32,,"Extender, mound looks dead"
MD62,m,low,10:17:55,,05/27/2022,4,21.1,21.1,21.1,,f0080,W,med,83.32,,Extender
MD62,m,top,10:20:55,,05/27/2022,5,22.2,21.4,21.3,,f0080,,med,83.32,,Extender
MD62,s,0,10:24:55,,05/27/2022,6,20,20,21.7,,f0080,N,lg,183.85,0,"Extender, not the best closed chamber surface"
MD62,s,1,10:29:20,,05/27/2022,7,23.2,22.5,22.4,,f0080,N,lg,183.85,2.4,Extender
MD62,s,2,10:32:20,,05/27/2022,8,21.6,21.6,23.9,,f0080,N,lg,183.85,0,Extender
MD63,m,mid,10:05:00,,05/27/2022,1,23.2,23.2,24.3,,f0081,N,med,83.32,,Extender
MD63,m,low,10:07:50,,05/27/2022,2,23.1,22.1,29.2,,f0081,E,med,83.32,,Extender
MD63,m,mid,10:11:45,,05/27/2022,3,27.6,26,26.2,,f0081,S,med,83.32,,Extender
MD63,m,low,10:14:30,,05/27/2022,4,29,26.3,26,,f0081,W,med,83.32,,Extender
MD63,m,top,10:17:55,,05/27/2022,5,28.7,26.7,26.6,,f0081,,med,83.32,,Extender
MD63,s,0,10:21:05,,05/27/2022,6,27.9,27.5,27.5,,f0081,N,lg,183.85,0,Extender
MD63,s,1,10:24:15,,05/27/2022,7,29.7,27.5,27.6,,f0081,N,lg,183.85,12.3,Extender
MD63,s,2,10:27:20,,05/27/2022,8,28.5,28,28,,f0081,N,lg,183.85,10.7,Extender
MD64,m,mid,10:06:00,,05/27/2022,1,34.4,35.1,35.4,,f0082,N,med,83.32,,Extender
MD64,m,low,10:09:00,,05/27/2022,2,34.6,36,35.6,,f0082,E,med,83.32,,Extender
MD64,m,mid,10:12:00,,05/27/2022,3,34,34.2,34.3,,f0082,S,med,83.32,,Extender
MD64,m,low,10:14:50,,05/27/2022,4,33.3,33.7,32.7,,f0082,W,med,83.32,,Extender
MD64,m,top,10:17:45,,05/27/2022,5,34.1,32.8,32.4,,f0082,,med,83.32,,Extender
MD64,s,0,10:21:05,,05/27/2022,6,36.2,38.3,37.9,,f0082,N,lg,183.85,0,Extender
MD64,s,1,10:24:00,,05/27/2022,7,38,38.1,37.8,,f0082,N,lg,183.85,0,Extender
MD64,s,2,10:27:35,,05/27/2022,8,37.9,39.4,39.2,,f0082,N,lg,183.85,1,Extender
MD65,m,mid,10:06:15,,05/27/2022,1,36,36.3,37.3,,f0083,N,med,83.32,,Extender
MD65,m,low,10:09:20,,05/27/2022,2,35.7,31.8,30.8,,f0083,E,med,83.32,,Extender
MD65,m,mid,10:12:20,,05/27/2022,3,33.8,31.8,31.2,,f0083,S,med,83.32,,Extender
MD65,m,low,10:15:10,,05/27/2022,4,31.8,30.8,31.1,,f0083,W,med,83.32,,Extender
MD65,m,top,10:18:10,,05/27/2022,5,31.1,32.1,31.6,,f0083,,med,83.32,,Extender
MD65,s,0,10:21:10,,05/27/2022,6,40.1,40.4,40.1,,f0083,N,lg,183.85,0,Extender
MD65,s,1,10:24:30,,05/27/2022,7,37.4,38.8,38.9,,f0083,N,lg,183.85,1.2,Extender
MD65,s,2,10:27:50,,05/27/2022,8,35.6,34.7,34.3,,f0083,N,lg,183.85,0,
MD66,m,mid,10:06:50,,05/27/2022,1,37.8,36.6,36.1,,f0084,N,med,83.32,,
MD66,m,low,10:09:40,,05/27/2022,2,34.3,31.9,30.9,,f0084,S,med,83.32,,
MD66,m,low,10:12:25,,05/27/2022,3,33.2,32.2,31.6,,f0084,W,med,83.32,,
MD66,m,top,10:15:20,,05/27/2022,4,35.2,36.8,36.9,,f0084,,med,83.32,,
MD66,s,0,10:18:20,,05/27/2022,5,35.1,34.5,34.1,,f0084,N,lg,183.85,3.5,
MD66,s,1,10:21:20,,05/27/2022,6,34.7,35.4,35.4,,f0084,N,lg,183.85,0,
MD66,s,2,10:24:30,,05/27/2022,7,34.6,33.8,33.6,,f0084,N,lg,183.85,0,
MD67,m,mid,10:06:00,,05/27/2022,1,35,34.7,34.4,,f0085,N,sm,47.78,,
MD67,m,low,10:09:00,,05/27/2022,2,32,31,30.1,,f0085,E,sm,47.78,,
MD67,m,mid,10:12:30,,05/27/2022,3,32.4,31.4,31.3,,f0085,S,sm,47.78,,
MD67,m,low,10:16:20,,05/27/2022,4,32.3,31.7,31.7,,f0085,W,sm,47.78,,
MD67,s,0,10:19:35,,05/27/2022,5,32.9,33.2,33.2,,f0085,N,lg,183.85,9.1,
MD67,s,1,10:22:30,,05/27/2022,6,32.7,33,32.9,,f0085,N,lg,183.85,0,
MD67,s,2,10:26:10,,05/27/2022,7,32.4,32.5,32.6,,f0085,N,lg,183.85,3.8,